	id	word	tag
5582	*	*	*
2337	4	the	DT
1483	11	.	.
561	21	the	DT
2195	9	head	NN
3768	10	,	,
263	20	cleaning	VBG
2144	2	explained	VBD
2910	11	.	.
4609	5	share	NN
2107	1	said	VBD
1881	6	my	PRP$
1741	14	because	IN
2802	4	.	.
5671	19	newspaper	NN
2498	8	were	VBD
2847	18	they	PRP
5164	3	accused	VBD
308	26	area	NN
5404	23	trying	VBG
5885	17	the	DT
5603	20	Yugoslavia	NNP
5651	*	*	*
1454	2	'99	CD
2585	8	n't	RB
4368	17	shareholding	NN
3917	*	*	*
3666	15	association	NN
2781	1	first	JJ
4449	3	a	DT
5413	32	other	JJ
3142	15	it	PRP
1740	13	probably	RB
2232	12	pay	VB
3484	3	!	.
2366	5	,	,
2236	1	next	JJ
4467	21	advance	NN
4440	8	a	DT
3901	2	first	RB
534	15	classrooms	NNS
2067	4	filed	VBD
1837	33	responsible	JJ
3477	1	at	IN
4570	0	But	CC
4269	1	construction	NN
879	3	helping	VBG
4423	20	,	,
1684	17	she	PRP
964	62	and	CC
808	7	store	NN
3830	0	We	PRP
4470	0	So	RB
1550	8	I	PRP
553	13	of	IN
2751	15	considered	VBN
4338	1	they	PRP
3535	*	*	*
6087	9	products	NN
5004	7	own	JJ
2519	1	!	,
3103	31	association	NN
4900	8	a	DT
2895	5	our	PRP$
535	16	to	TO
3349	10	part	NN
3790	12	head	NN
2292	*	*	*
2589	12	up	RP
5689	15	that	IN
4776	5	villagers	NNS
2917	5	they	PRP
5890	22	community	NN
576	10	matter	NN
2809	5	I	PRP
960	58	they	PRP
1357	14	60,000	CD
3583	7	village	NN
1400	*	*	*
3487	1	!	.
5484	22	television	NN
2818	14	they	PRP
926	24	really	RB
5299	15	neither	CC
4914	6	teaching	NN
80	28	the	DT
2815	11	everybody	NN
586	20	committee	NN
2594	17	fertilizer	NN
2404	21	a	DT
79	27	of	IN
476	*	*	*
3773	15	the	DT
5507	3	Kostunica	NNP
23	6	education	NN
5691	17	troops	NNS
5922	23	U.S.	NNP
5325	*	*	*
4352	1	heard	VBD
2457	27	be	VB
4919	11	her	PRP$
228	33	,	,
2420	2	Zheng	NNP
3661	10	call	VB
1732	5	,	,
2523	5	not	RB
1263	*	*	*
4121	14	peasants	NNS
1097	35	around	RB
3247	5	my	PRP$
3525	2	afternoon	NN
5386	5	,	,
1620	10	's	VBZ
5736	25	,	,
346	5	the	DT
5163	2	people	NNS
233	38	to	TO
1630	4	training	NN
5833	11	or	CC
599	10	?	.
1743	16	was	VBD
2417	*	*	*
37	20	the	DT
465	8	were	VBD
1892	17	years	NNS
5066	9	's	VBZ
2855	26	illegally	RB
5429	3	of	IN
3604	11	villagers	NNS
5835	13	is	VBZ
506	14	10,000	CD
401	7	they	PRP
2542	24	credit	NN
5290	6	Serbia	NNP
4296	4	was	VBD
167	38	school	NN
2095	15	the	DT
5435	9	for	IN
2836	7	that	DT
4053	6	.	.
5797	42	with	IN
5151	16	's	POS
4686	4	that	WDT
1322	18	agricultural	JJ
2339	6	years	NNS
6007	18	more	JJR
4913	5	her	PRP$
84	32	primary	JJ
5036	8	the	DT
3667	16	.	.
5060	3	pain	VB
5318	*	*	*
4615	11	the	DT
4675	4	used	VBD
4619	15	the	DT
5744	33	presence	NN
1370	9	technology	NN
5365	13	on	IN
2843	14	That	DT
1874	*	*	*
2755	19	of	IN
408	14	association	NN
2846	17	everywhere	RB
2042	10	you	PRP
6054	13	its	PRP$
4970	24	two	CD
4332	22	chairman	NN
3209	8	we	PRP
3403	0	That	DT
3454	18	village	NN
4691	9	?	.
3968	14	committee	NN
1420	3	'98	CD
5207	3	Nenad	NNP
3483	2	embarrassed	JJ
3218	17	and	CC
93	*	*	*
4162	5	became	VBD
4028	7	of	IN
5185	24	announced	VBN
1350	7	Zheng	NNP
3105	*	*	*
1755	5	,	,
3878	12	that	WDT
1056	32	of	IN
2357	13	this	DT
3128	1	at	IN
2004	25	way	NN
4358	7	an	DT
807	6	fertilizer	NN
1512	3	'99	CD
3941	4	that	IN
4174	17	lanes	NNS
4762	16	?	.
1859	13	off	RP
185	9	fund	NN
1702	35	project	NN
1149	9	and	CC
3033	0	later	RB
254	11	automatically	RB
4230	14	it	PRP
3931	13	to	TO
3973	2	no	DT
5490	28	to	TO
4443	11	plant	NN
2952	8	raising	VBG
1027	3	,	,
1871	9	one	CD
157	28	Dongtou	NNP
4108	1	of	IN
996	4	in	IN
5781	26	hands	NNS
3065	19	,	,
3620	8	Bing	NNP
881	5	husband	NN
323	4	has	VBZ
5661	9	by	IN
626	6	Zheng	NNP
4951	5	n't	RB
5479	17	of	IN
5895	27	Southeast	NNP
4219	3	,	,
4163	6	members	NNS
6019	3	Nenad	NNP
156	27	,	,
3333	27	instill	VB
472	15	made	VBD
742	33	Bing	NNP
2345	1	it	PRP
31	14	to	TO
1038	14	Zhaizi	NNP
3332	26	could	MD
2464	3	of	IN
5086	15	WGBH	NNP
994	2	time	NN
4386	0	And	CC
2080	0	After	IN
2918	6	said	VBD
1092	30	to	IN
1544	2	went	VBD
4076	1	to	IN
177	1	also	RB
221	26	all	RB
3447	11	together	RP
3185	15	he	PRP
1039	15	Technical	NNP
2486	25	in	IN
5337	3	of	IN
544	4	resolved	VBN
977	1	it	PRP
4901	9	lot	NN
1225	5	villages	NNS
469	12	hundred	CD
1302	10	.	.
2618	17	time	NN
6060	19	cents	NNS
2850	21	Zheng	NNP
5808	5	international	JJ
2135	1	I	PRP
2488	27	.	.
2543	25	to	TO
1520	11	,	,
3305	*	*	*
4489	0	That	DT
4383	11	disagreed	VBD
3955	1	it	PRP
5779	24	in	IN
1345	2	year	NN
3360	6	be	VB
865	25	which	WDT
1499	14	earning	VBG
2473	12	she	PRP
5015	4	it	PRP
5823	1	is	VBZ
1888	13	it	PRP
5971	23	profile	NN
1101	0	I	PRP
3153	4	everybody	NN
1978	*	*	*
6032	7	us	PRP
3518	22	all	DT
2024	11	still	RB
3574	5	.	.
296	14	also	RB
5669	17	a	DT
3315	9	not	RB
4315	5	that	DT
2177	0	So	RB
5882	14	,	,
5372	20	structures	NNS
3295	9	gradually	RB
2750	14	been	VBN
4217	1	November	NNP
4391	5	want	VB
2187	1	after	IN
2718	9	,	,
1612	2	invited	VBD
5786	31	the	DT
491	*	*	*
1557	15	bureau	NN
3306	0	And	CC
2387	4	I	PRP
5866	18	.	.
4464	18	that	DT
50	33	.	.
2233	13	.	.
319	0	So	RB
2306	4	it	PRP
3372	18	summer	NN
747	38	with	IN
5891	23	's	POS
810	9	the	DT
3113	7	to	TO
5113	16	the	DT
2669	3	the	DT
2271	16	the	DT
4938	30	now	RB
4293	1	Bing	NNP
3950	*	*	*
5615	4	news	NN
1488	3	did	VBD
1315	11	into	IN
5777	22	military	NN
4213	5	Bing	NNP
3593	0	After	IN
4701	8	report	NN
3458	*	*	*
3158	9	it	PRP
5259	16	Serbia	NNP
2312	*	*	*
3409	6	the	DT
1672	5	a	DT
239	44	on	IN
1817	13	take	VB
199	4	can	MD
4270	2	capital	NN
2865	7	of	IN
5303	19	,	,
1744	17	so	RB
2254	*	*	*
1351	8	Bing	NNP
3240	15	.	.
1578	4	'99	DT
2996	8	illegally	RB
101	7	sent	VBN
5668	16	,	,
5533	29	.	.
259	16	of	IN
2117	11	it	PRP
5368	16	,	,
501	9	19	CD
1650	7	peasants	NNS
5840	18	their	PRP$
1536	27	training	NN
2002	23	out	RP
6044	3	PIPELINE	NNP
4347	10	,	,
5809	6	community	NN
1586	12	very	RB
6020	4	Chebeck	NNP
5306	22	presidency	NN
3470	0	We	PRP
2045	*	*	*
5700	26	Kosovo	NNP
5993	4	Washington	NNP
2445	15	,	,
1129	12	to	TO
932	30	,	,
1044	20	eight	CD
710	1	when	WRB
3429	26	Chunlei	NNP
1983	4	difficult	JJ
672	17	and	CC
2805	1	the	DT
5135	0	Talks	NNS
4954	8	membership	NN
5869	1	,	,
3982	5	did	VBD
3412	9	association	NN
4137	9	for	IN
2915	3	came	VBD
3114	8	earn	VB
2841	12	grief	NN
1730	3	the	DT
4561	14	's	POS
88	36	have	VBP
3528	5	did	VBD
324	5	already	RB
907	5	peasants	NNS
3914	15	of	IN
325	6	received	VBN
2775	15	difficult	JJ
3550	14	I	PRP
132	3	people	NNS
712	3	subject	NN
1498	13	n't	RB
4037	5	convince	VB
5657	5	report	NN
3165	16	money	NN
3785	7	secretary	NN
5914	15	up	RP
5280	37	republican	JJ
1049	25	,	,
5545	10	to	TO
3815	0	The	DT
4075	0	According	VBG
4086	11	peasant	NN
2642	21	50	CD
2153	*	*	*
5555	20	that	IN
4418	15	the	DT
1393	14	come	VB
2678	12	settle	VB
4195	12	was	VBD
371	9	be	VB
3545	9	kind	NN
4048	1	,	,
1718	13	this	DT
3289	3	who	WP
5664	12	edition	NN
1926	27	uh	UH
168	39	and	CC
2407	24	150,000	CD
4872	6	own	JJ
5493	31	to	IN
4578	8	clashed	VBD
1918	19	court	NN
198	3	who	WP
2926	14	need	VBP
2894	4	up	RP
1042	18	seven	CD
5371	19	old	JJ
3944	7	selected	VBD
2995	7	capital	NN
2462	1	Bing	NNP
3855	8	council	NN
230	35	rendered	VBN
5167	6	of	IN
1295	3	Zheng	NNP
3321	15	had	VBD
3398	9	to	IN
625	5	about	IN
2860	2	she	PRP
4702	9	.	.
1879	4	:	:
4742	6	Zhaizi	NNP
1407	6	of	IN
17	0	Typhoon	NN
2575	10	.	.
1360	*	*	*
5708	34	Albania	NNP
4343	6	shares	NNS
2536	18	be	VB
1782	0	But	CC
439	11	.	.
3680	11	any	DT
1330	2	all	DT
1569	27	to	IN
5005	8	money	NN
2913	1	they	PRP
2549	31	problems	NNS
2287	6	services	NNS
3758	0	After	IN
1223	3	to	IN
2780	0	The	DT
5567	32	the	DT
2819	15	all	DT
681	*	*	*
4764	0	I	PRP
1451	*	*	*
2893	3	shook	VBD
2317	4	interest	NN
3469	*	*	*
2789	9	in	IN
676	21	worth	JJ
1235	15	,	,
393	*	*	*
4677	6	word	NN
279	36	buildings	NNS
2670	4	end	NN
696	14	looked	VBD
5639	4	us	PRP
4371	*	*	*
2522	4	could	MD
5642	7	this	DT
14	14	Xiquan	NNP
746	37	up	RP
565	*	*	*
4176	19	fixed	VBN
2680	14	the	DT
969	67	what	WP
2316	3	the	DT
410	*	*	*
3703	15	did	VBD
6067	26	payable	JJ
622	2	I	PRP
2858	0	Look	VB
1893	18	,	,
65	13	disaster	NN
1728	1	,	,
3722	1	was	VBD
5094	3	Kahn	NNP
3021	8	a	DT
1199	4	could	MD
1876	1	I	PRP
351	10	was	VBD
1002	10	was	VBD
2794	14	20	CD
5021	10	paid	VBN
3806	6	,	,
2210	24	you	PRP
730	21	helping	VBG
5706	32	Macedonia	NNP
4715	11	,	,
1770	11	the	DT
4746	0	Of	RB
3361	7	,	,
2328	5	them	PRP
1543	1	I	PRP
4768	4	things	NNS
5265	22	authority	NN
1142	2	'd	MD
1425	8	've	VBP
1193	11	.	.
420	9	,	,
5246	3	keep	VB
373	11	registered	VBN
2029	16	court	NN
1533	24	people	NNS
4741	5	in	IN
1737	10	about	IN
2364	3	n't	RB
604	3	in	IN
3497	1	at	IN
181	5	out	IN
4362	11	with	IN
538	19	.	.
1912	13	he	PRP
5107	10	hundreds	NNS
5745	34	of	IN
4353	2	many	JJ
4606	2	proposed	VBD
4428	25	controlling	NN
2181	4	it	PRP
530	11	kids	NNS
5966	18	States	NNP
1480	8	was	VBD
6043	2	PACIFIC	NNP
5123	26	of	IN
3326	20	,	,
3563	*	*	*
2694	10	,	,
4394	8	other	JJ
787	1	,	,
1872	10	year	NN
2676	10	we	PRP
5170	9	hold	VB
4283	15	300	CD
1075	13	the	DT
4092	17	big	JJ
2629	8	the	DT
1545	3	to	IN
15	15	Shen	NNP
5509	5	the	DT
706	4	sigh	VB
4072	17	it	PRP
3929	11	be	VB
1244	24	.	.
5006	9	have	VBP
1844	40	.	.
5848	0	Well	UH
3388	*	*	*
5597	14	,	,
4180	23	200	CD
4438	6	is	VBZ
2209	23	and	CC
805	4	donated	VBN
763	10	,	,
5059	2	n't	RB
683	1	she	PRP
2115	9	help	VB
2288	7	.	.
5796	41	do	VB
5564	29	not	RB
3658	7	the	DT
2057	11	to	TO
5693	19	police	NNS
2509	19	get	VB
2350	6	can	MD
8	8	,	,
5694	20	will	MD
2900	1	people	NNS
3832	2	the	DT
4602	18	.	.
3055	9	even	RB
2644	23	.	.
549	9	greatly	RB
1221	1	I	PRP
3182	12	my	PRP$
2329	6	the	DT
426	15	.	.
33	16	heavy	JJ
3337	31	.	.
44	27	having	VBG
691	9	and	CC
4889	5	yourself	PRP
3437	1	first	JJ
1242	22	surrounding	VBG
4645	20	to	IN
4535	11	,	,
4769	5	.	.
1657	14	Bing	NNP
2653	7	shareholder	NN
63	11	fought	VBD
4017	15	against	IN
2323	0	Each	DT
3691	3	,	,
3646	12	a	DT
227	32	tuition	NN
2885	15	leave	VB
1046	22	from	IN
1197	2	people	NNS
2704	20	,	,
3439	3	,	,
1623	13	charge	NN
4257	8	the	DT
3207	6	,	,
2977	1	they	PRP
3435	*	*	*
1966	4	understanding	VBG
2263	8	I	PRP
3787	9	doubled	VBD
1268	4	class	NN
3007	19	n't	RB
4811	*	*	*
5082	11	Service	NNP
2879	9	of	IN
3227	2	But	CC
4280	12	a	DT
3527	4	we	PRP
5830	8	are	VBP
5366	14	national	JJ
4482	2	n't	RB
5190	29	loyalist	NN
473	16	a	DT
3859	12	on	IN
2518	0	Ho	UH
705	3	often	RB
297	15	united	VBD
303	21	the	DT
4196	13	formally	RB
2446	16	which	WDT
800	*	*	*
3480	*	*	*
2252	17	yuan	NN
655	0	The	DT
3684	15	the	DT
5153	18	Party	NNP
5940	6	a	DT
240	45	time	NN
3688	0	Not	RB
1487	2	we	PRP
4102	27	the	DT
1954	3	took	VBD
5774	19	Yugoslav	JJ
2955	11	.	.
3193	2	n't	RB
4479	*	*	*
2623	2	,	,
3536	0	But	CC
3559	23	a	DT
5912	13	to	TO
5798	43	the	DT
1174	5	villages	NNS
1562	20	personnel	NNS
783	12	Village	NNP
333	14	all	DT
2313	0	They	PRP
1615	5	our	PRP$
3700	12	peasants	NNS
3166	17	for	IN
4792	21	.	.
4732	28	ten	CD
4507	11	what	WP
3710	22	see	VB
5978	30	of	IN
1073	11	come	VB
3265	1	,	,
247	4	and	CC
5726	15	might	MD
3026	0	The	DT
5964	16	the	DT
3767	9	walk	VB
5141	6	's	POS
3918	0	And	CC
4325	15	of	IN
755	2	go	VBP
4557	10	it	PRP
2330	7	interest	NN
1608	34	.	.
1564	22	they	PRP
4653	28	supported	VBD
2351	7	understand	VB
1161	21	would	MD
598	9	development	NN
2223	3	right	RB
315	33	called	VBN
1186	4	to	TO
5573	38	on	IN
149	20	to	IN
1328	0	And	CC
4518	22	and	CC
290	8	Committee	NNP
453	12	gate	NN
2087	7	these	DT
5916	17	probably	RB
5825	3	and	CC
4221	5	first	JJ
1215	7	class	NN
2991	3	if	IN
2299	6	it	PRP
2083	3	came	VBD
1033	9	,	,
4680	9	.	.
4684	2	is	VBZ
3532	9	single	JJ
1695	28	union	NN
5417	36	that	IN
5378	26	him	PRP
1103	2	two	CD
1074	12	because	IN
812	11	Association	NNP
5137	2	between	IN
6082	4	independent	JJ
5397	16	the	DT
1323	19	seminar	NN
5158	23	light	NN
3966	12	the	DT
5058	1	does	VBZ
2440	10	gave	VBD
349	8	Peasants	NNPS
2284	3	need	VBP
5684	10	in	IN
4307	15	shares	NNS
381	19	founding	NN
4071	16	complete	VB
2691	7	you	PRP
3739	9	?	.
422	11	ran	VBD
2439	9	often	RB
2663	17	fertilizer	NN
1501	16	much	JJ
5908	9	arrived	VBD
3018	5	illegally	RB
4864	24	.	.
124	30	the	DT
102	8	out	RP
2902	3	bank	NN
3841	2	villagers	NNS
1507	22	.	.
4871	5	your	PRP$
486	9	and	CC
4635	10	into	IN
5876	8	,	,
2619	18	.	.
135	6	's	POS
1108	7	the	DT
6026	1	you	PRP
1738	11	it	PRP
1084	22	so	CC
4630	5	and	CC
4340	3	not	RB
811	10	Peasants	NNPS
3106	0	Essentially	RB
893	17	buy	VB
1662	19	undertake	VB
3320	14	Bing	NNP
3994	17	,	,
4868	2	to	TO
4019	17	.	.
5406	25	consolidate	VB
3656	5	popular	JJ
4812	0	We	PRP
354	13	;	:
6077	*	*	*
3539	3	that	IN
3513	17	conscientious	JJ
4671	0	Just	RB
144	15	into	IN
380	18	the	DT
2436	6	store	NN
1509	0	Then	RB
5747	36	troops	NNS
121	27	restoration	NN
2650	4	've	VBP
611	10	Yongji	NNP
1406	5	end	NN
1253	7	10	CD
418	7	set	VBN
2099	19	already	RB
3082	10	;	:
1433	*	*	*
5419	38	is	VBZ
5501	39	moment	NN
4795	1	,	,
3783	5	had	VBD
3414	11	The	DT
5044	16	,	,
3148	*	*	*
248	5	administrative	JJ
5686	12	Democratic	NNP
1128	11	trying	VBG
4700	7	a	DT
5565	30	just	RB
447	6	and	CC
5043	15	plus	CC
5756	1	part	NN
4545	21	.	.
1652	9	to	TO
2370	9	-LRB-	-LRB-
5022	11	out	IN
4510	14	system	NN
4148	1	Village	NNP
2119	*	*	*
2801	3	impact	NN
4801	7	cultural	JJ
4963	17	belong	VBP
3898	*	*	*
3460	1	afternoon	NN
3910	11	of	IN
1632	6	the	DT
414	3	the	DT
752	*	*	*
3383	8	compared	VBN
794	8	a	DT
5607	24	is	VBZ
1057	33	the	DT
654	*	*	*
5674	0	They	PRP
2517	*	*	*
4775	4	our	PRP$
3628	16	which	WDT
1261	15	afternoon	NN
3740	*	*	*
3211	10	,	,
5645	10	will	MD
589	0	Will	MD
5821	*	*	*
1220	0	So	RB
5790	35	n't	RB
1883	8	circumstances	NNS
6089	11	serving	VBG
1611	1	we	PRP
5711	0	Basically	RB
4856	16	you	PRP
701	*	*	*
4941	33	that	DT
2787	7	eight	CD
5760	5	here	RB
3275	5	is	VBZ
1992	13	she	PRP
208	13	caused	VBN
1554	12	,	,
2921	9	,	,
425	14	issue	NN
1344	1	next	JJ
5194	33	the	DT
5735	24	resolution	NN
1176	7	I	PRP
3395	6	we	PRP
5352	0	Once	IN
110	16	places	NNS
3163	14	to	TO
2166	12	-LRB-	-LRB-
3012	*	*	*
4335	25	.	.
1022	16	.	.
1513	4	,	,
3352	13	?	.
3882	16	was	VBD
1144	4	to	IN
1670	3	set	VBD
1699	32	participate	VB
2576	*	*	*
4982	1	also	RB
1335	7	technical	JJ
1362	1	,	,
4304	12	maximum	NN
5284	0	Yugoslavia	NNP
4258	9	association	NN
5820	17	?	.
437	9	with	IN
5038	10	,	,
5683	9	leaders	NNS
5952	4	,	,
2876	6	of	IN
6022	6	Belgrade	NNP
107	13	go	VB
5100	3	Yugoslavia	NNP
29	12	of	IN
5677	3	Zingic	NNP
5204	0	The	DT
4011	9	there	EX
5093	2	Tony	NNP
1471	*	*	*
751	42	.	.
1354	11	in	RP
584	18	village	NN
196	1	those	DT
2227	7	still	RB
1840	36	would	MD
4800	6	overall	JJ
4153	6	263	CD
2521	3	I	PRP
5065	8	it	PRP
5813	10	point	NN
4504	8	study	VB
5719	8	of	IN
2972	15	to	IN
5805	2	how	WRB
1272	8	many	JJ
3353	*	*	*
5045	17	such	PDT
5963	15	but	CC
3864	17	.	.
179	3	200,000	CD
1170	1	,	,
3442	6	afternoon	NN
3995	18	it	PRP
2199	13	union	NN
5947	*	*	*
3592	*	*	*
3317	11	see	VB
2132	12	?	.
3254	*	*	*
3101	29	the	DT
1194	*	*	*
90	38	as	IN
5746	35	Yugoslav	JJ
2985	9	startled	JJ
5860	12	going	VBG
4189	6	,	,
1788	6	regret	NN
624	4	heard	VBN
69	17	-	HYPH
5405	24	to	TO
889	13	investing	VBG
2477	16	that	IN
3732	2	you	PRP
1600	26	the	DT
5203	*	*	*
3937	0	But	CC
877	1	I	PRP
4205	22	City	NNP
4313	3	n't	RB
764	11	you	PRP
293	11	Communist	NNP
2944	0	They	PRP
1119	2	and	CC
445	4	classroom	NN
468	11	several	JJ
3838	*	*	*
1158	18	technical	JJ
432	4	association	NN
1183	1	I	PRP
5695	21	be	VB
3653	2	,	,
1496	11	we	PRP
5550	15	onto	IN
577	11	that	WDT
5102	5	to	TO
245	2	and	CC
4251	2	shareholding	NN
367	5	first	JJ
2513	23	in	IN
4051	4	everybody	NN
4766	2	,	,
2927	15	to	TO
1090	28	from	IN
2338	5	six	CD
5586	3	a	DT
3196	5	become	VB
3949	12	.	.
3857	10	to	TO
2409	26	,	,
4536	12	I	PRP
2770	10	come	VB
555	15	peasant	NN
2225	5	,	,
2215	29	over	IN
1032	8	,	,
2602	1	the	DT
4902	10	of	IN
5948	0	He	PRP
2063	0	At	IN
3231	6	the	DT
5488	26	and	CC
3210	9	'll	MD
5670	18	Belgrade	NNP
151	22	places	NNS
3970	*	*	*
3365	11	in	IN
2133	*	*	*
1729	2	at	IN
3246	4	that	IN
915	13	fertilizer	NN
4275	7	member	NN
1894	19	is	VBZ
4991	10	off	RP
3381	6	we	PRP
3802	2	to	IN
1383	4	into	IN
2431	1	,	,
2569	4	are	VBP
1867	5	it	PRP
5909	10	in	IN
1371	10	exchange	NN
748	39	a	DT
1321	17	an	DT
2552	0	And	CC
1760	1	year	NN
4908	0	Now	RB
3112	6	family	NN
1047	23	our	PRP$
1172	3	the	DT
5617	6	out	RP
1654	11	demands	NNS
1448	2	not	RB
4398	12	.	.
2145	3	it	PRP
471	14	heads	NNS
5579	44	of	IN
4328	18	of	IN
5877	9	today	NN
3837	7	,	,
5880	12	Budor	NNP
4907	*	*	*
896	20	a	DT
2091	11	,	,
251	8	the	DT
5220	6	of	IN
2170	16	not	RB
4342	5	five	CD
1086	24	the	DT
5712	1	it	PRP
3926	8	should	MD
292	10	the	DT
5018	7	my	PRP$
1726	*	*	*
5748	37	and	CC
1599	25	from	IN
4726	22	Number	NNP
1419	2	of	IN
1616	6	Yongji	NNP
2244	9	you	PRP
3803	3	him	PRP
1175	6	,	,
3985	8	;	:
4374	2	wanted	VBD
1212	4	came	VBD
2715	6	in	RB
613	12	Shanxi	NNP
1643	0	Aside	RB
5436	10	Mr.	NNP
3492	3	we	PRP
3997	20	this	DT
5491	29	hang	VB
505	13	together	RP
5112	15	forced	VBD
272	29	,	,
4838	12	.	.
3313	7	the	DT
1580	6	the	DT
5517	13	openly	RB
5737	26	1244	CD
106	12	separately	RB
4316	6	number	NN
4928	20	of	IN
952	50	,	,
1163	23	be	VB
2764	4	thought	VBD
2008	29	Bing	NNP
4709	5	,	,
2389	6	help	VB
1024	0	The	DT
1820	16	court	NN
2412	29	got	VBD
416	5	was	VBD
2812	8	really	RB
3932	14	get	VB
1745	18	positive	JJ
564	24	.	.
478	1	secretary	NN
1769	10	back	RP
142	13	cadres	NNS
3589	13	joined	VBD
1192	10	altogether	RB
4681	*	*	*
2344	0	But	CC
605	4	mind	NN
3116	10	;	:
1209	1	than	IN
497	5	yuan	NN
1374	13	the	DT
2516	26	?	.
3488	*	*	*
3720	*	*	*
721	12	when	WRB
4522	26	.	.
1025	1	first	JJ
4349	12	.	.
2741	5	who	WP
1397	18	for	IN
4077	2	a	DT
2699	15	your	PRP$
4905	13	it	PRP
5166	5	Socialists	NNPS
5448	22	.	.
5076	5	a	DT
1963	1	husband	NN
1671	4	up	RP
336	*	*	*
5359	7	has	VBZ
2380	19	cry	VB
5074	3	World	NNP
3459	0	That	DT
5354	2	collapsed	VBD
2138	4	all	DT
1905	6	said	VBD
1219	*	*	*
2677	11	'll	MD
724	15	how	WRB
765	12	come	VBP
286	4	and	CC
307	25	disaster	NN
3820	5	was	VBD
5836	14	the	DT
4472	2	we	PRP
5520	16	they	PRP
2716	7	their	PRP$
5410	29	Yugoslavia	NNP
5498	36	have	VBP
1566	24	to	TO
71	19	effort	NN
1665	22	.	.
711	2	the	DT
5277	34	are	VBP
1020	14	like	IN
3534	11	.	.
4865	*	*	*
2358	14	way	NN
737	28	their	PRP$
1694	27	credit	NN
4439	7	,	,
1514	5	I	PRP
5656	4	a	DT
4738	2	is	VBZ
1181	*	*	*
1095	33	I	PRP
3499	3	time	NN
2142	0	After	IN
3023	10	matter	NN
2548	30	real	JJ
4032	0	So	RB
978	2	easy	JJ
1188	6	peasants	NNS
5184	23	was	VBD
3625	13	-	HYPH
5589	6	also	RB
5363	11	resigned	VBD
344	3	2004	CD
2302	0	So	RB
911	9	the	DT
3617	5	2003	CD
47	30	has	VBZ
3907	8	are	VBP
5274	31	leaders	NNS
443	2	built	VBD
5119	22	but	CC
3221	20	business	NN
2559	7	having	VBG
3226	1	!	,
4558	11	to	TO
4528	4	really	RB
1297	5	more	JJR
3154	5	's	POS
3286	0	Bing	NNP
1055	31	banks	NNS
848	8	ran	VBD
4540	16	up	RP
2031	*	*	*
5061	4	me	PRP
3181	11	and	CC
5692	18	and	CC
5709	35	.	.
1411	10	held	VBN
1112	11	surround	VBP
4623	19	.	.
776	5	its	PRP$
5763	8	resolution	NN
183	7	the	DT
2173	19	a	DT
4959	13	technical	JJ
5335	1	whole	JJ
5260	17	and	CC
734	25	quality	NN
1951	0	This	DT
1168	*	*	*
1319	15	to	TO
3908	9	a	DT
2098	18	has	VBZ
485	8	involved	VBN
4154	7	households	NNS
452	11	the	DT
2881	11	and	CC
2868	10	!	.
4984	3	members	NNS
30	13	Zhejiang	NNP
789	3	Bing	NNP
5652	0	Well	UH
1310	6	terrific	JJ
1109	8	ten	CD
100	6	recently	RB
4204	21	Yongji	NNP
5875	7	Minister	NNP
3258	3	him	PRP
1609	*	*	*
5974	26	is	VBZ
1477	5	income	NN
3869	3	were	VBD
2778	18	?	.
861	21	the	DT
1789	7	,	,
903	1	,	,
4239	23	,	,
109	15	such	JJ
5729	18	the	DT
5364	12	officially	RB
5110	13	of	IN
5238	12	Minister	NNP
6063	22	from	IN
5239	13	of	IN
4581	11	Bing	NNP
5954	6	behind	IN
1916	17	me	PRP
2617	16	each	DT
4552	5	controlling	NN
2053	7	again	RB
2698	14	take	VB
2114	8	not	RB
5725	14	it	PRP
4004	2	this	DT
1094	32	,	,
1121	4	each	DT
4309	*	*	*
1539	30	women	NNS
809	8	to	IN
4668	8	agreed	VBD
2689	5	,	,
6002	13	Kostunica	NNP
4267	*	*	*
1421	4	,	,
4660	0	But	CC
5740	29	actually	RB
1921	22	wanted	VBD
1561	19	technical	JJ
4093	18	impact	NN
3669	0	But	CC
3102	30	peasant	NN
1669	2	thereupon	RB
3400	11	city	NN
2970	13	came	VBD
5212	8	.	.
1873	11	.	.
1786	4	feel	VB
5461	*	*	*
1204	9	the	DT
5715	4	such	PDT
4604	0	Zheng	NNP
5637	2	you	PRP
1706	1	you	PRP
4829	3	10	CD
2582	5	thinking	VBG
6061	20	a	DT
518	*	*	*
829	14	peasants	NNS
3339	0	In	IN
3979	2	selection	NN
438	10	problems	NNS
627	7	Bing	NNP
1438	4	to	TO
3089	17	with	IN
925	23	they	PRP
3109	3	store	NN
4375	3	to	TO
2034	2	how	WRB
4969	23	a	DT
5384	3	,	,
1173	4	ten	CD
4576	6	everyone	NN
3471	1	laughed	VBD
944	42	buying	VBG
4840	0	But	CC
4378	6	shares	NNS
12	12	Shen	NNP
1117	0	Um	UH
6085	7	petroleum	NN
2633	12	yuan	NN
2763	3	I	PRP
642	7	felt	VBD
4063	8	difficult	JJ
2892	2	really	RB
1965	3	not	RB
3204	3	them	PRP
3846	*	*	*
2168	14	them	PRP
5572	37	also	RB
5957	9	,	,
3309	3	that	WDT
2149	7	looked	VBD
4934	26	biggest	JJS
653	18	.	.
429	1	really	RB
5743	32	the	DT
3989	12	committee	NN
6005	16	the	DT
2934	1	said	VBD
1485	0	Therefore	RB
3657	6	among	IN
4295	3	idea	NN
838	6	.	.
1087	25	time	NN
1839	35	I	PRP
2759	*	*	*
2683	*	*	*
2275	20	can	MD
4215	*	*	*
856	16	,	,
3819	4	no	UH
2402	19	took	VBD
1747	20	it	PRP
4274	6	the	DT
4407	4	organizing	VBG
5432	6	leaders	NNS
693	11	,	,
2721	12	store	NN
5622	11	going	VBG
188	12	use	VB
287	5	the	DT
5187	26	a	DT
1886	11	I	PRP
2820	16	knew	VBD
4595	11	retarded	JJ
3789	11	village	NN
1945	7	is	VBZ
2127	7	to	IN
4046	*	*	*
5091	0	I	PRP
5289	5	,	,
5783	28	Milosevic	NNP
4814	2	all	DT
210	15	the	DT
3130	3	time	NN
4876	10	kinds	NNS
4666	6	everyone	NN
3290	4	sacrificed	VBD
73	21	save	VB
2584	7	could	MD
1807	3	yuan	NN
3945	8	the	DT
2688	4	invested	VBD
3893	5	together	RB
2963	6	sectors	NNS
3405	2	I	PRP
5680	6	of	IN
4537	13	suggest	VBP
1231	11	just	RB
3544	8	that	DT
1535	26	the	DT
5979	31	anti-American	JJ
1379	0	Whenever	WRB
4739	3	now	RB
113	19	,	,
5162	1	's	POS
2197	11	the	DT
4303	11	a	DT
3288	2	,	,
5411	30	,	,
3035	2	was	VBD
3248	6	husband	NN
5032	4	association	NN
5931	32	Belgrade	NNP
5542	7	they	PRP
1941	3	village	NN
4400	0	Yes	UH
2505	15	n't	RB
4327	17	board	NN
3641	7	,	,
252	9	disaster	NN
350	9	Association	NNP
5649	14	area	NN
2603	2	seasonal	JJ
457	0	They	PRP
5202	41	.	.
479	2	telephoned	VBD
1114	13	village	NN
798	12	here	RB
5856	8	race	NN
1869	7	back	RP
2957	0	Because	IN
26	9	the	DT
3164	15	make	VB
3573	4	month	NN
4998	1	how	WRB
4256	7	and	CC
1287	4	class	NN
1281	17	.	.
5321	2	's	VBZ
4322	12	let	VB
2997	9	,	,
1765	6	failed	VBD
3694	6	and	CC
5230	4	Mirco	NNP
5132	35	I	CD
4950	4	does	VBZ
5213	*	*	*
5370	18	the	DT
5011	0	If	IN
607	6	this	DT
4888	4	challenge	VB
4634	9	up	RP
3505	9	our	PRP$
5103	6	climax	VB
3149	0	You	PRP
4927	19	development	NN
5988	*	*	*
3425	22	invited	VBD
203	8	because	IN
339	2	-RRB-	-RRB-
4638	13	to	TO
837	5	accident	NN
4420	17	,	,
387	0	Its	PRP$
5989	0	So	RB
4614	10	with	IN
6092	14	states	NNS
4585	1	are	VBP
2638	17	land	NN
4151	4	total	NN
2118	12	.	.
3076	4	Zheng	NNP
1559	17	all	PDT
2298	5	stop	VB
1756	6	alas	UH
2441	11	credit	NN
3608	15	had	VBD
677	22	our	PRP$
2728	19	and	CC
2251	16	65,000	CD
1595	21	us	PRP
61	9	area	NN
2897	7	.	.
1825	21	I	PRP
4198	15	at	IN
3159	10	as	IN
3833	3	village	NN
790	4	and	CC
3319	13	Zheng	NNP
3822	7	our	PRP$
5519	15	that	IN
3206	5	shareholders	NNS
4880	14	antiquated	JJ
3285	*	*	*
1359	16	.	.
3780	2	time	NN
4461	15	had	VBD
5910	11	Belgrade	NNP
4110	3	things	NNS
5967	19	is	VBZ
733	24	the	DT
3800	0	We	PRP
4620	16	association	NN
1919	20	,	,
5165	4	the	DT
4608	4	one	CD
2347	3	good	JJ
527	8	and	CC
2093	13	said	VBD
2641	20	,	,
3279	9	she	PRP
1468	16	1,300	CD
2157	3	I	PRP
3235	10	need	VBP
1832	28	I	PRP
803	2	they	PRP
857	17	on	IN
5216	2	what	WP
4126	19	.	.
2834	5	,	,
4985	4	buy	VB
4747	1	course	RB
4039	7	family	NN
3782	4	village	NN
219	24	counties	NNS
2746	10	this	DT
1288	5	went	VBD
1115	14	.	.
582	16	by	IN
3252	10	opposed	VBN
43	26	facilities	NNS
3689	1	long	RB
4734	30	.	.
2432	2	in	IN
1617	7	city	NN
2484	23	end	VB
4152	5	of	IN
3947	10	construction	NN
2191	5	it	PRP
5844	22	this	DT
5328	2	things	NNS
1224	4	ten	CD
3912	13	to	IN
3010	22	anymore	RB
1071	9	teacher	NN
718	9	up	RP
4417	14	at	IN
1505	20	to	TO
2943	*	*	*
670	15	ordinary	JJ
4012	10	's	VBZ
5958	10	with	IN
4862	22	's	VBZ
5667	15	Novostate	NNP
4369	18	decision	NN
897	21	very	RB
1258	12	five	CD
5681	7	the	DT
95	1	Province	NNP
2268	13	more	JJR
4266	17	.	.
2304	2	I	PRP
842	2	at	IN
2104	24	.	.
1897	22	?	.
2784	4	did	VBD
6073	32	record	NN
4082	7	reason	NN
2182	5	all	DT
1666	*	*	*
5483	21	on	IN
322	3	city	NN
4416	13	,	,
5075	4	,	,
5949	1	will	MD
334	15	kinds	NNS
2722	13	will	MD
332	13	of	IN
833	1	was	VBD
2609	8	they	PRP
2229	9	65,000	CD
2318	5	for	IN
4607	3	giving	VBG
2228	8	have	VBP
731	22	them	PRP
1803	*	*	*
291	9	of	IN
184	8	education	NN
4794	0	Second	RB
4409	6	,	,
3779	1	the	DT
533	14	the	DT
2916	4	,	,
1634	8	peasant	NN
4599	15	extremely	RB
4397	11	opinions	NNS
657	2	I	PRP
1255	9	the	DT
2574	9	money	NN
2570	5	not	RB
2554	2	could	MD
2671	5	of	IN
898	22	haphazard	JJ
428	0	It	PRP
5631	20	the	DT
3737	7	this	DT
4760	14	that	DT
1436	2	still	RB
5514	10	has	VBZ
1222	2	went	VBD
6000	11	Mr.	NNP
2753	17	illegal	JJ
3119	13	you	PRP
2988	0	I	PRP
1720	15	yuan	NN
5229	3	's	VBZ
2929	17	your	PRP$
5247	4	one	CD
2525	7	on	IN
3184	14	,	,
4244	28	went	VBD
1934	35	my	PRP$
5502	40	.	.
2754	18	way	NN
5031	3	'	POS
4155	8	.	.
2378	17	do	VBP
2654	8	,	,
1410	9	you	PRP
4403	0	,	,
3264	0	Finally	RB
2377	16	I	PRP
3276	6	saying	VBG
2025	12	took	VBD
192	16	relief	NN
4414	11	right	RB
1126	9	go	VB
3936	*	*	*
1860	14	.	.
2954	10	illegally	RB
2765	5	,	,
304	22	schools	NNS
2018	5	the	DT
1292	0	This	DT
70	18	out	JJ
2022	9	credit	NN
1305	1	villagers	NNS
4958	12	six	CD
3066	20	she	PRP
2579	2	,	,
4685	3	it	PRP
1340	12	things	NNS
831	*	*	*
3044	11	.	.
1456	4	because	IN
1942	4	,	,
3341	2	the	DT
238	43	school	NN
92	40	.	.
2458	28	collected	VBN
5929	30	coming	VBG
3063	17	give	VB
5924	25	James	NNP
4863	23	it	PRP
2600	*	*	*
3543	7	,	,
1001	9	time	NN
2103	23	you	PRP
4767	3	two	CD
2346	2	's	VBZ
2572	7	having	VBG
1504	19	had	VBD
957	55	n't	RB
3916	17	.	.
4246	30	production	NN
4997	0	So	CC
1532	23	the	DT
3303	17	better	RBR
4487	7	,	,
411	0	At	IN
1405	4	the	DT
4457	11	plant	NN
5973	25	there	EX
3238	13	of	IN
1835	31	I	PRP
4663	3	Bing	NNP
3940	3	is	VBZ
4336	*	*	*
1034	10	at	IN
2803	*	*	*
5111	14	protesters	NNS
4836	10	for	IN
931	29	clue	NN
5556	21	a	DT
3428	25	the	DT
2998	10	I	PRP
633	13	.	.
1780	21	.	.
498	6	,	,
937	35	,	,
415	4	association	NN
4600	16	poor	JJ
3377	2	what	WP
1831	27	and	CC
1973	11	Bing	NNP
3085	13	the	DT
757	4	kilometers	NNS
4649	24	;	:
4733	29	years	NNS
1041	17	was	VBD
2273	18	,	,
3045	*	*	*
3194	3	let	VB
2535	17	I	PRP
596	7	organized	VBN
4782	11	legal	JJ
2264	9	do	VBP
4962	16	that	WDT
1068	6	to	TO
1647	4	classes	NNS
5090	*	*	*
3126	*	*	*
2465	4	a	DT
3322	16	a	DT
652	17	key	JJ
4832	6	goal	NN
1700	33	in	IN
4692	*	*	*
4882	16	.	.
5981	33	on	IN
5489	27	trying	VBG
2124	4	,	,
3413	10	,	,
2795	15	households	NNS
4525	1	you	PRP
75	23	,	,
5576	41	of	IN
3708	20	villagers	NNS
3014	1	accusation	NN
5129	32	look	VB
4705	1	we	PRP
2503	13	you	PRP
4060	5	was	VBD
3123	17	it	PRP
3781	3	our	PRP$
108	14	to	IN
1010	4	the	DT
1029	5	the	DT
4471	1	then	RB
828	13	the	DT
5782	27	of	IN
3757	*	*	*
96	2	's	POS
6068	27	Nov.	NNP
4665	5	,	,
3519	23	laughing	VBG
1385	6	agricultural	JJ
1200	5	not	RB
621	1	fact	NN
5538	3	threatened	VBN
1412	11	similar	JJ
566	0	But	CC
543	3	was	VBD
1334	6	the	DT
3606	13	Zhaizi	NNP
51	*	*	*
5219	5	know	VB
1864	2	could	MD
2932	*	*	*
3626	14	together	NN
1558	16	has	VBZ
745	36	lights	VBZ
4372	0	Some	DT
3024	11	.	.
1467	15	spent	VBD
4299	7	member	NN
195	0	For	IN
5846	24	?	.
1870	8	in	IN
4765	1	say	VBP
802	1	,	,
1618	8	,	,
5342	8	Yugoslavia	NNP
4240	24	was	VBD
620	0	In	IN
1862	0	But	CC
4209	1	legal	JJ
3734	4	to	TO
4173	16	the	DT
1891	16	six	CD
4633	8	split	VBD
644	9	was	VBD
5382	1	,	,
4556	9	n't	RB
1902	3	the	DT
1061	*	*	*
5868	0	Yesterday	NN
4140	12	'	POS
120	26	education	NN
1777	18	came	VBD
3094	22	going	VBG
2526	8	that	DT
4190	7	the	DT
5288	4	republics	NNS
3892	4	things	NNS
1230	10	n't	RB
2840	11	Good	JJ
4961	15	centers	NNS
3135	8	shareholder	NN
3378	3	?	,
3406	3	went	VBD
134	5	Wenzhou	NNP
3588	12	women	NNS
2655	9	you	PRP
2922	10	Zheng	NNP
2499	9	n't	RB
4260	11	ran	VBD
1721	16	when	WRB
4434	2	what	WP
511	19	went	VBD
6079	1	company	NN
62	10	actively	RB
1553	11	huh	UH
5998	9	support	NN
5295	11	were	VBD
2842	13	!	,
2406	23	of	IN
5244	1	have	VBP
3541	5	were	VBD
6051	10	Angeles	NNP
679	24	into	IN
3796	3	see	VB
1211	3	people	NNS
122	28	work	NN
2758	22	?	.
5965	17	United	NNP
4458	12	,	,
3580	4	%	NN
3269	*	*	*
1210	2	400	CD
567	1	why	WRB
2418	0	In	IN
548	8	it	PRP
3039	6	by	IN
864	24	,	,
4605	1	Bing	NNP
1392	13	to	TO
4564	17	serve	VB
4078	3	Yongji	NNP
4834	8	have	VBP
5433	7	of	IN
2086	6	explained	VBD
720	11	and	CC
3954	0	And	CC
3384	9	to	IN
690	8	husband	NN
2481	20	she	PRP
1773	14	and	CC
602	1	these	DT
3169	*	*	*
5010	*	*	*
5824	2	there	EX
2226	6	I	PRP
4890	6	.	.
503	11	we	PRP
4567	20	interests	NNS
318	*	*	*
3074	2	consideration	NN
5440	14	allies	NNS
274	31	conduct	VB
5231	5	Merianovic	NNP
5863	15	to	IN
1361	0	Furthermore	RB
4084	9	Zhaizi	NNP
1526	17	's	POS
6046	5	Limited	NNP
5179	18	if	IN
5257	14	elements	NNS
4147	0	Zhaizi	NNP
2687	3	you	PRP
4751	5	ask	VBP
3096	24	pay	VB
5898	*	*	*
3795	2	to	TO
945	43	that	DT
5357	5	and	CC
5870	2	we	PRP
295	13	League	NNP
1971	9	to	IN
2245	10	be	VB
298	16	with	IN
68	16	all	RB
4453	7	company	NN
736	27	of	IN
1598	24	teachers	NNS
4119	12	do	VB
3075	3	,	,
3755	0	Yikes	UH
1503	18	we	PRP
2131	11	happened	VBD
150	21	such	JJ
756	3	13	CD
5253	10	Kostunica	NNP
3607	14	Village	NNP
1703	36	.	.
5551	16	the	DT
2164	10	,	,
169	40	the	DT
3655	4	became	VBD
376	14	a	DT
2094	14	,	,
2447	17	made	VBD
859	19	banks	NNS
3133	6	become	VBN
4883	*	*	*
1964	2	's	POS
378	16	association	NN
2798	0	It	PRP
2348	4	that	IN
1294	2	earned	VBD
5186	25	that	IN
1432	15	.	.
5513	9	Serbia	NNP
4252	3	issue	NN
3809	9	'd	MD
1779	20	us	PRP
2742	6	said	VBD
3328	22	her	PRP$
4648	23	households	NNS
1818	14	me	PRP
3649	15	.	.
841	1	,	,
3208	7	then	RB
1189	7	from	IN
175	*	*	*
2110	4	then	RB
5233	7	officially	RB
927	25	did	VBD
3731	1	did	VBD
45	28	been	VBN
1260	14	the	DT
1096	34	went	VBD
1443	9	them	PRP
2167	13	ask	VBP
3411	8	's	POS
3017	4	capital	NN
1187	5	bring	VB
5169	8	to	TO
4640	15	the	DT
1030	6	first	JJ
4772	1	,	,
300	18	and	CC
3038	5	prevented	VBN
1472	0	And	CC
283	1	's	POS
5039	11	you	PRP
4651	26	one	CD
4825	*	*	*
5770	15	until	IN
1813	9	credit	NN
4329	19	directors	NNS
3504	8	of	IN
5242	*	*	*
1961	*	*	*
5750	39	on	IN
5400	19	that	IN
1338	10	to	TO
3555	19	is	VBZ
2684	0	And	CC
3922	4	it	PRP
4708	4	year	NN
5273	30	key	JJ
4384	12	.	.
4404	1	as	IN
5549	14	people	NNS
257	14	work	VB
507	15	yuan	NN
3942	5	you	PRP
99	5	has	VBZ
3817	2	they	PRP
744	35	face	NN
4730	26	China	NNP
5638	3	tell	VB
1375	14	surrounding	VBG
4896	4	,	,
3935	17	?	.
3648	14	tournament	NN
5921	22	senior	JJ
4582	12	.	.
1157	17	a	DT
1858	12	it	PRP
5108	11	of	IN
3198	7	shareholder	NN
4981	0	They	PRP
1437	3	need	VB
5047	19	huge	JJ
366	4	the	DT
2077	14	came	VBD
4819	7	One	CD
402	8	were	VBD
4712	8	out	RP
3698	10	of	IN
949	47	'll	MD
2862	4	cheating	VBG
19	2	17	CD
229	34	or	CC
4248	*	*	*
668	13	was	VBD
218	23	and	CC
5083	12	,	,
4122	15	'	POS
1962	0	Her	PRP
2942	9	?	.
2586	9	the	DT
5333	*	*	*
585	19	Party	NNP
4253	4	,	,
3008	20	do	VB
2072	9	,	,
4030	9	.	.
3946	9	village	NN
5412	31	what	WDT
3262	7	.	.
777	6	headquarters	NN
4350	*	*	*
1018	12	n't	RB
1606	32	conservancy	NN
2578	1	then	RB
6048	7	,	,
5009	12	?	.
2873	3	cheat	VB
3296	10	got	VBD
1491	6	session	NN
2388	5	'd	MD
2463	2	thought	VBD
2154	0	He	PRP
3220	19	the	DT
4401	1	.	.
6012	23	this	DT
4024	3	none	NN
1593	19	liaised	VBD
517	25	.	.
321	2	this	DT
3745	4	reputation	NN
3467	8	step	NN
4159	2	of	IN
3799	*	*	*
217	22	cities	NNS
5722	11	a	DT
568	2	did	VBD
360	19	.	.
4436	4	're	VBP
5767	12	applied	VBN
4725	21	the	DT
5476	14	sick	JJ
1052	28	was	VBD
5241	15	.	.
759	6	of	IN
5776	21	and	CC
2640	19	invest	VB
3886	20	?	.
1426	9	held	VBN
2887	17	country	NN
3808	8	they	PRP
214	19	administrative	JJ
1614	4	from	IN
4743	7	Village	NNP
1717	12	off	RP
2821	17	,	,
4791	20	China	NNP
2937	4	do	VBP
3121	15	to	TO
725	16	she	PRP
4855	15	that	IN
49	32	1500	CD
4763	*	*	*
887	11	peasants	NNS
5458	8	and	CC
516	24	contractor	NN
2647	1	,	,
139	10	,	,
5459	9	Serbia	NNP
3715	27	the	DT
2571	6	entirely	RB
463	6	although	IN
3407	4	,	,
4857	17	can	MD
594	5	direction	NN
450	9	lock	NN
2771	11	good	JJ
2596	19	by	IN
312	30	donation	NN
2272	17	peasants	NNS
3268	4	.	.
451	10	on	IN
4917	9	donated	VBN
890	14	the	DT
5278	35	on	IN
3540	4	they	PRP
4476	6	the	DT
5702	28	other	JJ
999	7	the	DT
3984	7	selection	NN
1476	4	the	DT
5482	20	appearing	VBG
5077	6	co-production	NN
5133	36	.	.
3792	*	*	*
4103	28	village	NN
2886	16	the	DT
5327	1	practice	NN
1293	1	class	NN
5367	15	television	NN
5623	12	to	TO
1907	8	was	VBD
3872	6	that	IN
4214	6	.	.
368	6	peasant	NN
1937	*	*	*
1151	11	,	,
4932	24	,	,
2534	16	will	MD
5997	8	open	JJ
191	15	disaster	NN
174	45	.	.
3260	5	and	CC
4884	0	You	PRP
3951	0	Yes	UH
2163	9	union	NN
5298	14	for	IN
5932	33	.	.
2905	6	association	NN
2622	1	then	RB
1164	24	willing	JJ
4412	9	plant	NN
5326	0	In	IN
1661	18	to	TO
508	16	,	,
166	37	the	DT
2375	14	me	PRP
4172	15	before	IN
2405	22	debt	NN
4080	5	,	,
103	9	working	VBG
5449	*	*	*
5881	13	Homback	NNP
2792	12	I	PRP
1752	2	it	PRP
5438	12	and	CC
2788	8	;	:
1658	15	,	,
152	23	as	IN
2662	16	get	VB
1583	9	's	POS
2240	5	time	NN
4505	9	up	RP
4466	20	in	IN
2851	22	Bing	NNP
5343	9	was	VBD
3245	3	guessed	VBN
1822	18	he	PRP
4695	2	we	PRP
3217	16	money	NN
309	27	to	TO
3578	2	,	,
3807	7	and	CC
2646	0	Then	RB
495	3	up	RP
205	10	family	NN
1434	0	Do	VBP
1135	18	most	JJS
868	28	's	POS
305	23	in	IN
1849	3	to	TO
3399	10	the	DT
1988	9	pressure	NN
2827	23	.	.
1534	25	attending	VBG
843	3	the	DT
1987	8	bear	VB
5938	4	tomorrow	NN
3958	4	autonomous	JJ
2611	10	have	VB
3693	5	Bing	NNP
1538	29	were	VBD
211	16	disaster	NN
1957	6	's	POS
3834	4	committee	NN
4625	0	The	DT
5541	6	that	IN
1349	6	of	IN
2276	21	pay	VB
4655	30	Bing	NNP
680	25	.	.
180	4	yuan	NNS
3887	*	*	*
2291	1	!	.
4406	3	were	VBD
278	35	school	NN
289	7	Municipal	NNP
4874	8	,	,
993	1	first	JJ
2666	0	Then	RB
4220	4	the	DT
4287	19	yuan	NN
4879	13	and	CC
270	27	and	CC
2213	27	it	PRP
4971	25	-	HYPH
2303	1	,	,
4727	23	One	CD
111	17	as	IN
1391	12	liked	VBD
220	25	from	IN
5379	27	.	.
83	31	's	POS
5894	26	for	IN
3501	5	in	IN
461	4	400,000	CD
5351	*	*	*
551	11	the	DT
5953	5	probably	RB
6090	12	six	CD
2845	16	,	,
2146	4	,	,
2960	3	leaders	NNS
4817	5	be	VB
650	15	be	VB
708	*	*	*
3891	3	discussed	VBD
2480	19	it	PRP
2410	27	and	CC
1424	7	we	PRP
1216	8	that	DT
4644	19	shares	NNS
1924	25	down	RP
3650	*	*	*
5150	15	Milosevic	NNP
314	32	activity	NN
5554	19	so	IN
1427	10	four	CD
3753	12	.	.
4182	*	*	*
5845	23	point	NN
5309	25	the	DT
3308	2	thing	NN
4477	7	meeting	NN
3386	11	city	NN
6094	*	*	*
4853	13	not	RB
684	2	spoke	VBD
4456	10	paint	NN
2259	4	start	NN
2799	1	had	VBD
2333	0	Then	RB
326	7	more	JJR
5089	18	.	.
3547	11	excited	JJ
4091	16	a	DT
5340	6	Serbia	NNP
2399	16	of	IN
5350	16	.	.
5424	43	?	.
5255	12	the	DT
348	7	Yongji	NNP
1626	0	Starting	VBG
3318	12	that	IN
871	31	to	IN
3049	3	,	,
2705	21	sell	VB
3978	1	the	DT
2218	32	.	.
4771	0	First	RB
2121	1	lawyer	NN
2471	10	,	,
85	33	and	CC
2899	0	Our	PRP$
1877	2	telephoned	VBD
4803	9	of	IN
5208	4	Chebeck	NNP
3749	8	messy	JJ
494	2	put	VBD
3053	7	scare	NN
4216	0	In	IN
4247	31	.	.
1270	6	over	RB
2732	23	fertilizer	NN
4949	3	association	NN
5030	2	peasants	NNS
618	17	.	.
5206	2	's	POS
2707	23	.	.
3793	0	We	PRP
2627	6	I	PRP
5628	17	the	DT
4697	4	the	DT
1413	12	training	NN
2201	15	,	,
3323	17	spirit	NN
4541	17	a	DT
869	29	financial	JJ
2006	27	and	CC
5144	9	Vojislav	NNP
356	15	now	RB
1162	22	you	PRP
4622	18	expenditures	NNS
2476	15	imagined	VBD
6010	21	good	JJ
1890	15	in	IN
579	13	have	VB
3718	30	association	NN
1691	24	loan	NN
862	22	Yellow	NNP
4714	10	report	NN
3404	1	day	NN
4284	16	shares	NNS
4713	9	a	DT
1116	*	*	*
1541	*	*	*
2829	0	Good	JJ
4833	7	we	PRP
5604	21	,	,
2828	*	*	*
4897	5	it	PRP
5380	*	*	*
5396	15	,	,
5999	10	for	IN
5754	*	*	*
5811	8	at	IN
3664	13	peasants	NNS
3077	5	Bing	NNP
5843	21	at	IN
2052	6	shop	NN
1776	17	union	NN
3375	0	They	PRP
5322	3	all	DT
1592	18	they	PRP
1723	18	came	VBD
4761	15	imply	VB
4129	1	peasants	NNS
490	13	.	.
5118	21	,	,
1006	0	At	IN
4589	5	the	DT
3570	1	persisted	VBD
2314	1	'll	MD
1417	0	Since	IN
25	8	of	IN
1113	12	our	PRP$
3139	12	they	PRP
1552	10	,	,
5199	38	runs	VBZ
4546	*	*	*
433	5	's	POS
3011	23	.	.
3263	*	*	*
6069	28	14	CD
3050	4	fed	JJ
3187	17	n't	RB
3379	4	How	WRB
4520	24	'll	MD
3107	1	this	DT
5857	9	,	,
1102	1	spent	VBD
4770	*	*	*
4515	19	then	RB
4861	21	that	DT
194	*	*	*
615	14	get	VB
643	8	she	PRP
4370	19	.	.
5854	6	is	VBZ
5146	11	and	CC
330	11	in	IN
3639	5	stage	NN
5532	28	longer	RBR
3203	2	let	VB
3402	*	*	*
483	6	association	NN
719	10	,	,
4161	4	that	WDT
2059	13	the	DT
4025	4	of	IN
32	15	suffer	VB
664	9	that	IN
4810	16	.	.
3590	14	in	RP
1444	10	?	.
5690	16	Yugoslav	JJ
5349	15	Milosevic	NNP
5945	11	Clinton	NNP
1705	0	Did	VBD
5764	9	was	VBD
2656	10	can	MD
3652	1	that	DT
2277	22	it	PRP
1401	0	How	WRB
3443	7	,	,
170	41	school	NN
540	0	The	DT
3237	12	kind	NN
4559	12	use	VB
2531	13	was	VBD
4302	10	hold	VB
674	19	was	VBD
3002	14	right	RB
2414	31	to	IN
1815	11	wanted	VBD
4993	12	harvest	NN
2100	20	filed	VBN
4319	9	,	,
5128	31	to	TO
2101	21	suit	NN
5156	21	heat	NN
3090	18	all	DT
1548	6	bureau	NN
5785	30	so	CC
2451	21	110,000	CD
355	14	it	PRP
5996	7	very	RB
2776	16	to	TO
5294	10	there	EX
5526	22	this	DT
4334	24	shares	NNS
2373	12	of	IN
1051	27	it	PRP
2321	8	.	.
3660	9	to	TO
3727	6	established	VBN
1751	1	then	RB
5547	12	out	RP
1772	13	,	,
1196	1	there	EX
1878	3	him	PRP
2016	3	Bing	NN
2005	26	,	,
4939	31	is	VBZ
1482	10	yuan	NN
328	9	1,000,000	CD
648	13	wanted	VBD
2515	25	future	NN
1123	6	,	,
2857	*	*	*
3047	1	Zheng	NNP
3956	2	's	VBZ
2925	13	we	PRP
2877	7	several	JJ
5097	0	The	DT
1259	13	in	IN
3129	2	the	DT
3515	19	and	CC
4830	4	-	HYPH
1519	10	bureau	NN
1378	*	*	*
4442	10	paint	NN
1023	*	*	*
4339	2	could	MD
4326	16	the	DT
2450	20	have	VB
912	10	store	NN
4127	*	*	*
1675	8	raising	VBG
1746	19	about	IN
4926	18	the	DT
1736	9	think	VB
1629	3	technical	JJ
3939	2	fact	NN
430	2	tested	VBD
1808	4	,	,
4480	0	You	PRP
2456	26	not	RB
5697	23	the	DT
3585	9	that	RB
3560	24	new	JJ
2222	2	of	IN
5214	0	Nenad	NNP
5831	9	they	PRP
5434	8	power	NN
3754	*	*	*
5143	8	President	NNP
5407	26	his	PRP$
3424	21	,	,
1995	16	understand	VB
5858	10	who	WP
2224	4	now	RB
1106	5	around	RB
5704	30	,	,
818	3	,	,
4144	16	times	NNS
4419	16	meeting	NN
1697	30	150,000	CD
2615	14	50	CD
136	7	Education	NNP
3334	28	confidence	NN
3006	18	wo	MD
5399	18	is	VBZ
1180	11	.	.
5721	10	of	IN
888	12	were	VBD
4294	2	's	POS
2437	7	,	,
4367	16	plant	NN
5101	4	seemed	VBD
817	2	'97	CD
1111	10	that	WDT
3516	20	they	PRP
2341	8	again	RB
4490	1	way	NN
4245	29	into	IN
1264	0	Hey	UH
990	14	?	.
4056	1	the	DT
1739	12	;	:
2550	32	?	.
353	12	established	VBN
4639	14	discuss	VB
2664	18	.	.
5453	3	,	,
1489	4	a	DT
5620	9	troops	NNS
1228	8	it	PRP
3162	13	,	,
5235	9	is	VBZ
5769	14	right	RB
5703	29	countries	NNS
52	0	After	IN
3213	12	able	JJ
4262	13	a	DT
5788	33	community	NN
5174	13	institutions	NNS
3821	6	,	,
1589	15	us	PRP
1479	7	counted	VBD
1469	17	yuan	NN
2859	1	,	,
2598	21	shareholders	NNS
2078	15	!	.
4379	7	,	,
6006	17	man	NN
2673	7	year	NN
436	8	deal	VB
2968	11	they	PRP
4003	1	now	RB
1588	14	of	IN
4481	1	ca	MD
1590	16	,	,
3346	7	did	VBD
973	71	needed	VBD
1238	18	brought	VBD
2342	9	.	.
6039	4	.	.
4885	1	have	VBP
5196	35	Ministry	NNP
2231	11	to	TO
2592	15	in	IN
1497	12	were	VBD
449	8	a	DT
2369	8	shoot	VB
5544	9	going	VBG
2422	4	quit	VBD
5470	8	and	CC
3080	8	surprising	JJ
1551	9	thought	VBD
5401	20	Mr.	NNP
1146	6	face	NN
3849	2	to	TO
2092	12	he	PRP
1313	9	dug	VBD
2015	2	Zheng	JJ
4183	0	On	IN
2807	3	year	NN
3095	23	to	TO
1381	2	would	MD
5634	*	*	*
413	2	time	NN
941	39	-	HYPH
801	0	Now	RB
2577	0	So	RB
3392	3	why	WRB
256	13	to	TO
5980	32	sentiment	NN
2235	0	So	CC
647	12	really	RB
1767	8	nobody	NN
4165	8	the	DT
5183	22	it	PRP
3131	4	everybody	NN
2706	22	fertilizer	NN
24	7	system	NN
1088	26	I	PRP
5026	15	.	.
5296	12	no	DT
112	18	Wenzhou	NNP
2311	9	.	.
3728	7	?	.
56	4	the	DT
1309	5	this	DT
695	13	she	PRP
4427	24	hold	VB
1227	7	but	CC
1999	20	thing	NN
276	33	on	IN
5189	28	Milosevic	NNP
4040	8	,	,
1833	29	said	VBD
682	0	And	CC
4224	8	by	IN
4395	9	people	NNS
2948	4	hear	VBP
1137	20	awareness	NN
3866	0	Indeed	RB
3567	3	.	.
3098	26	activity	NN
4554	7	,	,
4906	14	.	.
1346	3	,	,
5062	5	;	:
3034	1	it	PRP
2882	12	then	RB
2384	1	I	PRP
4043	11	to	TO
4237	21	Paint	NNP
6064	23	55	CD
4013	11	nobody	NN
5605	22	and	CC
4099	24	the	DT
5454	4	especially	RB
2833	4	first	RB
5064	7	feel	VBP
5002	5	family	NN
81	29	disaster	NN
1972	10	Zheng	NNP
1714	9	they	PRP
5918	19	meeting	NN
4988	7	and	CC
5599	16	importance	NN
1946	8	no	DT
5635	0	What	WP
3043	10	Yongji	NNP
4264	15	of	IN
1610	0	If	IN
3336	30	people	NNS
3358	4	n't	RB
3340	1	organizing	VBG
5956	8	doors	NNS
4693	0	Every	DT
665	10	what	WP
2194	8	the	DT
3842	3	discussed	VBD
5176	15	power	NN
1017	11	was	VBD
557	17	in	IN
3903	4	all	DT
5577	42	the	DT
1207	*	*	*
2951	7	're	VBP
4596	12	or	CC
1510	1	,	,
6084	6	-	HYPH
4996	*	*	*
4139	11	peasants	NNS
4141	13	interests	NNS
266	23	environment	NN
2767	7	village	NN
5871	3	had	VBD
2111	5	I	PRP
4989	8	pay	VB
1909	10	OK	JJ
3195	4	everybody	NN
4022	1	there	EX
5632	21	year	NN
6017	1	World	NNP
5114	17	ouster	NN
998	6	,	,
3311	5	next	RB
1784	2	did	VBD
1237	17	all	DT
5067	10	very	RB
3479	3	?	.
4201	18	Administration	NNP
4940	32	still	RB
6015	*	*	*
2186	0	So	RB
3551	15	felt	VBD
908	6	who	WP
3813	13	.	.
1303	*	*	*
5687	13	Alliance	NNP
1627	1	with	IN
1522	13	to	IN
835	3	of	RB
358	17	3,800	CD
138	9	Organization	NNP
299	17	teachers	NNS
1556	14	agricultural	JJ
1003	11	unimaginable	JJ
382	20	of	IN
2874	4	you	PRP
761	8	in	IN
3717	29	'	POS
3895	7	very	RB
3214	13	to	TO
4922	14	store	NN
4881	15	concepts	NNS
1402	1	many	JJ
2986	10	.	.
5223	9	ally	NN
1932	33	even	RB
5901	2	saw	VBD
2980	4	raising	VBG
4848	8	Number	NN
5198	37	which	WDT
2908	9	all	DT
3988	11	village	NN
2685	1	the	DT
2835	6	,	,
58	6	in	IN
76	24	now	RB
796	10	fertilizer	NN
2416	33	.	.
4236	20	Village	NNP
4448	2	not	RB
785	*	*	*
2981	5	capital	NN
5937	3	here	RB
3070	24	.	.
2217	31	years	NNS
2864	6	out	IN
4957	11	the	DT
4667	7	finally	RB
3861	14	up	RP
4915	7	job	NN
4696	3	give	VBP
910	8	into	IN
2172	18	file	VB
3624	12	get	NN
2309	7	credit	NN
5705	31	meaning	VBG
1257	11	until	IN
2495	5	like	IN
4586	2	twelve	CD
3885	19	to	TO
1178	9	80	CD
4579	9	with	IN
4974	28	on	IN
442	1	school	NN
1399	20	.	.
3125	19	?	.
3396	7	be	VB
5807	4	the	DT
1054	30	the	DT
6062	21	unit	NN
4664	4	persisted	VBD
3132	5	had	VBD
1415	14	?	.
2372	11	film	NN
5421	40	trouble	NN
5613	2	been	VBN
5263	20	taken	VBN
3771	13	went	VBD
4827	1	is	VBZ
1502	17	as	IN
5385	4	although	IN
3961	7	might	MD
2011	32	.	.
5593	10	policies	NNS
4035	3	possible	JJ
2941	8	investigate	VB
4909	1	that	IN
4597	13	disabled	JJ
4447	1	's	VBZ
6	6	September	NNP
2487	26	prison	NN
678	23	looking	VBG
1943	5	150,000	CD
3829	*	*	*
5606	23	that	DT
4382	10	strongly	RB
5079	8	the	DT
4047	0	Because	IN
2607	6	income	NN
3668	*	*	*
5602	19	outside	IN
1064	2	time	NN
4650	25	not	RB
2242	7	,	,
1474	2	year	NN
4513	17	about	IN
1889	14	back	RP
3558	22	of	IN
2021	8	the	DT
4787	16	first	JJ
4331	21	its	PRP$
2658	12	at	IN
2467	6	to	TO
5810	7	dealing	VBG
1130	13	find	VB
1461	9	that	DT
3616	4	,	,
5515	11	said	VBN
3670	1	in	IN
3357	3	could	MD
222	27	over	RB
5648	13	that	DT
48	31	reached	VBN
573	7	involved	VBN
1236	16	they	PRP
4629	4	directors	NNS
5906	7	Montgomery	NNP
5473	11	hear	VBP
2282	1	the	DT
4113	6	village	NN
267	24	,	,
1104	3	months	NNS
2305	3	discussed	VBD
4786	15	the	DT
1935	36	home	NN
386	*	*	*
1701	34	this	DT
1628	2	the	DT
4923	15	,	,
2714	5	bring	VBP
6027	2	very	RB
5324	5	.	.
1563	21	,	,
2760	0	Yes	UH
3685	16	villagers	NNS
209	14	by	IN
909	7	came	VBD
1289	6	great	RB
4594	10	as	IN
3971	0	There	EX
1842	38	care	NN
2497	7	,	,
5508	4	and	CC
4085	10	Village	NNP
958	56	know	VB
1793	11	the	DT
2088	8	things	NNS
2702	18	buy	VB
331	12	donations	NNS
3434	1	!	.
4527	3	you	PRP
3938	1	the	DT
2459	29	.	.
1774	15	the	DT
4272	4	they	PRP
3464	5	n't	RB
3825	10	had	VBD
5027	*	*	*
4942	34	of	IN
4823	11	areas	NNS
3879	13	the	DT
2890	0	These	DT
1710	5	you	PRP
4647	22	twelve	CD
2478	17	because	IN
1366	5	hers	NN
173	44	work	NN
858	18	the	DT
4483	3	do	VB
3523	0	The	DT
5497	35	they	PRP
3520	24	hard	RB
1952	1	burdensome	JJ
3297	11	the	DT
3659	8	villagers	NNS
2036	4	it	PRP
3996	19	had	VBD
4462	16	already	RB
18	1	No.	NNP
0	0	Xinhua	NNP
2174	20	lawsuit	NN
1356	13	than	IN
4529	5	want	VBP
4125	18	does	VBZ
2826	22	public	JJ
3250	8	be	VB
396	2	that	IN
4698	5	association	NN
3441	5	first	JJ
1812	8	the	DT
3721	0	When	WRB
4410	7	the	DT
816	1	in	IN
1572	30	.	.
4211	3	is	VBZ
1800	3	have	VB
2280	*	*	*
3858	11	focus	VB
4813	1	are	VBP
5920	21	a	DT
4601	17	households	NNS
3382	7	be	VB
5250	7	mind	NN
3977	0	For	IN
3557	21	beginning	NN
3410	7	women	NNS
4254	5	Zheng	NNP
4359	8	arbitrary	JJ
554	14	the	DT
1159	19	training	NN
1213	5	to	IN
5503	*	*	*
1325	21	everybody	NN
4396	10	's	POS
5001	4	your	PRP$
700	18	.	.
2700	16	money	NN
4354	3	people	NNS
1847	1	nobody	NN
5398	17	reality	NN
3980	3	,	,
1455	3	,	,
5095	4	.	.
3161	12	own	JJ
2945	1	said	VBD
866	26	provided	VBD
4652	27	person	NN
1644	1	from	IN
2140	6	.	.
5028	0	For	IN
4774	3	want	VBP
1490	5	training	NN
3176	6	my	PRP$
729	20	and	CC
6076	35	.	.
3605	12	in	IN
2620	*	*	*
1936	37	.	.
5477	15	and	CC
1110	9	villages	NNS
4945	*	*	*
5444	18	which	WDT
2394	11	their	PRP$
1185	3	them	PRP
2007	28	Zheng	NNP
193	17	.	.
1515	6	went	VBD
4867	1	have	VBP
578	12	should	MD
2123	3	me	PRP
1429	12	six	CD
771	0	The	DT
3686	17	.	.
2395	12	incomes	NNS
6036	1	are	VBP
1846	0	If	IN
131	2	20	CD
178	2	squeezed	VBD
5439	13	his	PRP$
5362	10	he	PRP
3674	5	and	CC
2580	3	I	PRP
3733	3	want	VB
3455	19	to	TO
2652	6	a	DT
3826	11	no	DT
2073	10	and	CC
658	3	met	VBD
1896	21	OK	JJ
4475	5	at	IN
2606	5	peasant	NN
2221	1	as	IN
5765	10	never	RB
2379	18	n't	RB
1447	1	,	,
342	1	June	NNP
5221	7	this	DT
2527	9	big	JJ
727	18	organizing	VBG
4790	19	of	IN
976	0	Was	VBD
2966	9	city	NN
4222	6	business	NN
1928	29	my	PRP$
3805	5	times	NNS
5849	1	,	,
1299	7	she	PRP
5136	1	today	NN
5594	11	of	IN
660	5	,	,
1790	8	I	PRP
3491	2	can	MD
4965	19	it	PRP
493	1	myself	PRP
3307	1	a	DT
4273	5	adopted	VBD
3200	*	*	*
4006	4	construction	NN
5608	25	Kosovo	NNP
5155	20	more	JJR
1085	23	at	IN
5749	38	police	NNS
694	12	and	CC
1278	14	lot	NN
4290	22	.	.
1621	11	free	JJ
2561	9	negative	JJ
5626	15	Kosovo	NNP
4112	5	the	DT
67	15	an	DT
5900	1	also	RB
3100	28	of	IN
2269	14	services	NNS
4279	11	with	IN
4793	*	*	*
820	5	did	VBD
1226	6	,	,
1677	10	,	,
5087	16	in	IN
2867	9	money	NN
4437	5	running	VBG
2367	6	do	VBP
3127	0	Because	IN
4001	*	*	*
2512	22	back	RP
4722	18	,	,
2723	14	take	VB
5427	1	taking	NN
5180	19	on	IN
4498	2	,	,
1143	3	go	VB
397	3	two	CD
4955	9	dues	NNS
786	0	Previously	RB
5640	5	about	IN
4502	6	home	RB
1398	19	answers	NNS
1659	16	asking	VBG
5865	17	first	RB
2220	0	So	RB
979	3	to	TO
2331	8	.	.
1298	6	than	IN
3316	10	only	RB
3905	6	these	DT
4526	2	think	VBP
82	30	area	NN
3189	19	.	.
3586	10	is	RB
4756	10	One	CD
4886	2	to	TO
4789	18	all	DT
3347	8	the	DT
2903	4	,	,
423	12	into	IN
5425	*	*	*
1904	5	union	NN
5524	20	up	RP
1530	21	most	JJS
5468	6	the	DT
1565	23	ought	MD
4500	4	you	PRP
2749	13	have	VB
839	*	*	*
500	8	with	IN
3370	16	in	IN
141	12	and	CC
5025	14	200,000	CD
2605	4	of	IN
3611	*	*	*
1377	16	.	.
5494	32	whatever	WDT
5975	27	quite	PDT
2266	11	provide	VB
4235	19	Zhaizi	NNP
1138	21	.	.
2257	2	from	IN
3711	23	the	DT
1787	5	any	DT
5904	5	diplomat	NN
550	10	increased	VBD
459	2	more	JJR
2019	6	guarantor	NN
948	46	I	PRP
3312	6	made	VBD
4703	*	*	*
532	13	into	IN
5193	32	over	RP
1829	25	back	RP
5159	24	.	.
5374	22	power	NN
4845	5	achieve	VB
3475	*	*	*
1602	28	bureau	NN
2238	3	when	WRB
639	4	her	PRP
5883	15	who	WP
967	65	based	VBN
5142	7	new	JJ
3824	9	committee	NN
1683	16	;	:
2248	13	pay	VB
4187	4	last	JJ
5443	17	process	NN
5330	4	slightly	RB
155	26	Ouhai	NNP
2295	2	no	DT
4816	4	to	TO
4781	10	the	DT
1089	27	ran	VBD
3862	15	the	DT
2319	6	each	DT
2940	7	to	TO
5935	1	will	MD
288	6	Weizhou	NNP
930	28	a	DT
2909	10	came	VBD
3705	17	that	WDT
4724	20	become	VB
2884	14	could	MD
3967	13	village	NN
5944	10	President	NNP
5529	25	behavior	NN
3000	12	shut	VB
5986	38	Serbia	NNP
3450	14	some	DT
6008	19	harm	NN
942	40	so	NN
2354	10	to	TO
5388	7	you	PRP
5251	8	that	IN
5679	5	one	CD
1698	31	to	TO
5733	22	United	NNP
5804	1	,	,
3651	0	After	IN
4096	21	major	JJ
4288	20	per	IN
985	9	the	DT
4431	*	*	*
3197	6	a	DT
3256	1	worked	VBD
5814	11	with	IN
981	5	teachers	NNS
3634	0	There	EX
3615	3	1	CD
5543	8	are	VBP
5587	4	little	JJ
4357	6	made	VBD
3880	14	village	NN
1473	1	that	DT
4617	13	coming	VBG
3706	18	allowed	VBD
4828	2	the	DT
1457	5	in	IN
1395	16	to	TO
264	21	the	DT
2748	12	may	MD
3494	5	!	.
2692	8	've	VBP
3599	6	activities	NNS
929	27	have	VB
5297	13	elections	NNS
4568	21	?	.
2400	17	that	DT
2178	1	the	DT
3921	3	do	VB
246	3	teaching	NN
1594	20	for	IN
1758	*	*	*
5928	29	is	VBZ
4095	20	one	CD
923	21	,	,
3422	19	our	PRP$
268	25	implementing	VBG
669	14	terribly	RB
3992	15	do	VB
1910	11	,	,
4228	12	association	NN
1152	12	We	PRP
5799	44	Milosevic	NNP
4994	13	time	NN
5861	13	to	TO
5771	16	now	RB
2696	12	we	PRP
2591	14	us	PRP
5148	13	of	IN
1781	*	*	*
2413	30	taken	VBN
3013	0	An	DT
5317	33	.	.
2307	5	with	IN
3167	18	yourself	PRP
687	5	family	NN
1915	16	take	VB
5732	21	the	DT
612	11	in	IN
3071	*	*	*
3614	2	January	NNP
2267	12	any	DT
5841	19	being	VBG
2533	15	how	WRB
39	22	schools	NNS
1898	*	*	*
1649	6	the	DT
3575	*	*	*
258	15	ahead	RB
2924	12	,	,
2434	4	the	DT
847	7	husband	NN
2822	18	and	CC
4463	17	announced	VBN
5160	*	*	*
4073	18	.	.
3750	9	,	,
1233	13	80	CD
1127	10	around	RB
4878	12	thinking	NN
1967	5	and	CC
558	18	the	DT
904	2	many	JJ
2614	13	about	RB
3143	16	was	VBD
484	7	get	VB
2211	25	can	MD
1320	16	provide	VB
4301	9	could	MD
2555	3	I	PRP
7	7	2nd	NN
2315	2	defer	VB
5154	19	yielded	VBD
4445	*	*	*
4376	4	hold	VB
5347	13	man	NN
1450	4	.	.
1201	6	get	VB
2426	8	a	DT
2648	2	after	IN
1814	10	union	NN
2726	17	'	POS
773	2	Peasants	NNPS
2274	19	I	PRP
1011	5	attendance	NN
4101	26	of	IN
3168	19	.	.
3571	2	for	IN
1991	12	,	,
1277	13	a	DT
1783	1	I	PRP
4314	4	sell	VB
446	5	building	NN
880	4	my	PRP$
5455	5	here	RB
5430	4	all	PDT
2727	18	money	NN
3048	2	Bing	NNP
781	10	to	IN
2651	5	become	VBN
5919	20	between	IN
1749	*	*	*
2126	6	A	NN
3786	8	who	WP
2791	11	village	NN
2423	5	her	PRP$
5950	2	hold	VB
5245	2	to	TO
883	7	I	PRP
5893	25	Pact	NNP
1091	29	village	NN
4402	*	*	*
5395	14	on	RP
531	12	go	VB
3697	9	members	NNS
2438	8	she	PRP
4936	28	for	IN
4478	8	.	.
4074	*	*	*
4986	5	on	IN
2290	0	Ho	UH
1727	0	Um	UH
610	9	to	IN
570	4	peasant	NN
3889	1	we	PRP
1317	13	own	JJ
343	2	of	IN
587	21	?	.
4745	*	*	*
636	1	when	WRB
434	6	ability	NN
1903	4	credit	NN
3215	14	loan	VB
97	3	Education	NNP
3270	0	Since	IN
3529	6	n't	RB
3481	0	They	PRP
5801	46	.	.
2069	6	lawsuit	NN
1537	28	sessions	NNS
3552	16	,	,
4194	11	Association	NNP
4842	2	we	PRP
3678	9	n't	RB
1517	8	our	PRP$
965	63	choose	VB
5355	3	,	,
528	9	let	VB
176	0	It	PRP
2470	9	problem	NN
4587	3	households	NNS
3707	19	the	DT
3001	13	down	RP
5210	6	in	IN
572	6	get	VB
3362	8	like	IN
592	3	become	VB
5050	22	does	VBZ
3062	16	should	MD
4717	13	,	,
2374	13	-RRB-	-RRB-
3064	18	up	RP
5714	3	not	RB
4393	7	hear	VB
3765	7	tough	JJ
4259	10	members	NNS
2208	22	,	,
3742	1	village	NN
2492	2	them	PRP
4020	*	*	*
383	21	the	DT
852	12	the	DT
1880	5	given	VBN
370	8	to	TO
3897	9	.	.
4292	0	Zheng	NNP
5283	*	*	*
5994	5	realizes	VBZ
6052	11	,	,
1105	4	running	VBG
3751	10	messy	JJ
2361	0	Yow	UH
4894	2	quality	NN
1336	8	services	NNS
2189	3	lawyer	NN
5588	5	bit	NN
5487	25	this	DT
3393	4	ca	MD
2246	11	able	JJ
5341	7	and	CC
5902	3	the	DT
1171	2	from	IN
3274	4	one	NN
5793	38	have	VB
4837	11	ourselves	PRP
1422	5	each	DT
2686	2	amount	NN
5464	2	that	WDT
3418	15	gave	VBD
3856	9	,	,
5049	21	,	,
1464	12	session	NN
874	34	.	.
2297	4	to	TO
2643	22	yuan	NN
4657	32	idea	NN
5269	26	level	NN
1251	5	just	RB
3426	23	teachers	NNS
840	0	Um	UH
4925	17	with	IN
581	15	resolved	VBN
204	9	of	IN
1641	15	.	.
2014	1	because	IN
3253	11	.	.
905	3	of	IN
631	11	early	RB
4305	13	of	IN
3671	2	the	DT
1974	12	's	POS
162	33	to	TO
4365	14	the	DT
5389	8	got	VBP
5472	10	I	PRP
4038	6	every	DT
617	16	scoop	NN
875	*	*	*
1431	14	sessions	NNS
2973	16	us	PRP
4207	*	*	*
547	7	and	CC
4486	6	way	NN
5834	12	what	WP
5990	1	I	PRP
3482	1	were	VBD
3877	11	matters	NNS
4015	13	has	VBZ
4966	20	give	VBP
2856	27	.	.
1861	*	*	*
2659	13	any	DT
5591	8	other	JJ
640	5	,	,
4317	7	of	IN
1009	3	,	,
3366	12	the	DT
5955	7	closed	JJ
637	2	I	PRP
3836	6	hardship	NN
4975	29	each	DT
5227	1	,	,
2308	6	the	DT
4229	13	after	IN
3145	18	's	POS
3896	8	intensely	RB
2096	16	credit	NN
3618	6	,	,
1956	5	Bing	NNP
1372	11	center	NN
5629	18	end	NN
921	19	the	DT
5568	33	federal	JJ
546	6	,	,
1449	3	necessarily	RB
2804	0	By	IN
2610	9	'd	MD
1900	1	head	NN
2757	21	capital	NN
2028	15	to	IN
2301	*	*	*
1885	10	if	IN
1642	*	*	*
972	70	land	NN
5853	5	it	PRP
2097	17	union	NN
5574	39	the	DT
4643	18	giving	VBG
5471	9	that	WDT
6053	12	increased	VBD
836	4	by	IN
601	0	With	IN
2184	7	.	.
4839	*	*	*
3622	10	a	DT
5660	8	brought	VBN
1582	8	women	NNS
5653	1	,	,
3690	2	after	RB
3975	4	.	.
1070	8	the	DT
1775	16	credit	NN
5852	4	moment	NN
1283	0	Hey	UH
5402	21	Kostunica	NNP
4441	9	cooperative	JJ
5787	32	international	JJ
1836	32	was	VBD
5149	14	the	DT
1019	13	something	NN
970	68	their	PRP$
1326	22	.	.
3433	0	Wow	UH
475	18	.	.
2810	6	began	VBD
4560	13	everybody	NN
1651	8	began	VBD
5655	3	is	VBZ
5879	11	have	VBP
2528	10	amount	NN
3801	1	spoke	VBD
3612	0	On	IN
5913	14	set	VB
1373	12	for	IN
739	30	-RRB-	-RRB-
4676	5	a	DT
4728	24	Village	NNP
867	27	farmer	NN
2974	17	.	.
1140	0	Then	RB
997	5	fact	NN
1337	9	center	NN
541	1	entire	JJ
1099	37	.	.
1132	15	who	WP
5907	8	who	WP
3960	6	,	,
2258	3	the	DT
5069	12	.	.
3390	1	said	VBD
2962	5	different	JJ
59	7	the	DT
3259	4	again	RB
2206	20	an	DT
1938	0	In	IN
3759	1	it	PRP
6018	2	's	POS
4446	0	It	PRP
2813	9	deal	VB
5270	27	,	,
3524	1	whole	JJ
1078	16	not	RB
5072	1	is	VBZ
5590	7	about	IN
4333	23	buy	VB
3827	12	money	NN
5243	0	We	PRP
2630	9	peasants	NNS
4918	10	away	RP
3630	18	men	NNS
3509	13	teacher	NN
940	38	and	CC
1080	18	to	TO
187	11	specially	RB
3835	5	's	POS
4192	9	Peasants	NNPS
2085	5	he	PRP
2249	14	off	RP
4877	11	of	IN
5961	13	Kostunica	NNP
2023	10	union	NN
4054	*	*	*
1492	7	four	CD
4669	9	.	.
4128	0	The	DT
226	31	remitted	VBN
1013	7	that	DT
2583	6	,	,
1929	30	store	NN
5741	30	provide	VB
5466	4	see	VBP
1404	3	since	IN
2179	2	lawyer	NN
697	15	concerned	JJ
1124	7	I	PRP
3282	12	capital	NN
5806	3	is	VBZ
5518	14	today	NN
1778	19	after	IN
2634	13	for	IN
3091	19	of	IN
5182	21	,	,
4574	4	later	RB
3489	0	,	,
1656	13	Zheng	NNP
1037	13	that	DT
5070	*	*	*
2256	1	yuan	NN
5663	11	's	POS
6024	*	*	*
313	31	collection	NN
2649	3	you	PRP
2281	0	But	CC
4960	14	service	NN
4348	11	respectively	RB
2547	29	'	POS
1416	*	*	*
1036	12	time	NN
2159	5	go	VB
2984	8	was	VBD
3137	10	and	CC
5057	0	It	PRP
1754	4	failed	VBD
4323	13	the	DT
4098	23	is	VBZ
3933	15	it	PRP
5171	10	on	RP
2520	2	If	IN
873	33	peasants	NNS
5633	22	.	.
4553	6	share	NN
1506	21	spend	VB
4010	8	,	,
1923	24	shut	VB
448	7	put	VB
5896	28	Europe	NNP
3682	13	benefits	NNS
6055	14	quarterly	JJ
4573	3	time	NN
3257	2	with	IN
361	*	*	*
2183	6	out	RP
1134	17	the	DT
4903	11	meaning	NN
3199	8	.	.
4850	10	,	,
3438	2	time	NN
2155	1	said	VBD
1830	26	,	,
1053	29	on	IN
2460	*	*	*
22	5	the	DT
2066	3	they	PRP
1653	10	make	VB
3770	12	we	PRP
4392	6	to	TO
2743	7	to	IN
4081	6	the	DT
4947	1	peasants	NNS
2468	7	resolve	VB
2325	2	I	PRP
460	3	than	IN
1067	5	afraid	JJ
87	35	schools	NNS
1430	13	training	NN
3852	5	a	DT
282	0	Wenzhou	NNP
2483	22	nearly	RB
462	5	;	:
212	17	,	,
2588	11	join	VB
5099	2	in	IN
3927	9	n't	RB
2907	8	they	PRP
2581	4	was	VBD
1368	7	an	DT
234	39	ensure	VB
4041	9	every	DT
597	8	rural	JJ
5377	25	with	IN
2250	15	this	DT
4953	7	any	DT
2283	2	peasants	NNS
662	7	told	VBD
6049	8	of	IN
2285	4	lots	NNS
3431	28	.	.
5742	31	for	IN
4381	9	you	PRP
3794	1	went	VBD
5558	23	new	JJ
3468	9	,	,
3647	13	chess	NN
3601	8	the	DT
2990	2	,	,
5416	35	there	EX
779	8	the	DT
2544	26	solve	VB
4519	23	we	PRP
5612	1	has	VBZ
4450	4	joint	NN
4385	*	*	*
5007	10	you	PRP
5887	19	of	IN
685	3	about	IN
4002	0	And	CC
5344	10	based	VBN
3243	1	would	MD
1748	21	.	.
5192	31	taking	VBG
4706	2	began	VBD
2837	8	credit	NN
3032	*	*	*
2171	17	to	TO
3881	15	committee	NN
1850	4	pay	VB
487	10	resolve	VB
1688	21	take	VB
2230	10	yuan	NN
3473	3	afternoon	NN
4687	5	you	PRP
2320	7	year	NN
782	11	Zhaizi	NNP
521	2	end	NN
522	3	,	,
4118	11	to	TO
2939	6	need	VB
5452	2	impatient	JJ
4899	7	has	VBZ
2398	15	because	IN
2207	21	agreement	NN
4584	0	There	EX
780	9	entrance	NN
4755	9	Number	NNP
4105	30	.	.
1511	2	in	IN
1882	7	actual	JJ
651	16	low	JJ
4066	11	this	DT
1801	4	failed	VBN
369	7	organization	NN
5313	29	is	VBZ
3844	5	collectively	RB
118	24	direct	VB
377	15	peasant	NN
216	21	in	IN
2216	30	six	CD
4626	1	20	CD
